Distance (in),Time (s),X (in),Y (in),Velocity (in/s),Orientation (deg),Touch,Rotational Velocity (deg/s),Way X (in),Way Y (in),Way Velocity (in/s),Way Orientation (deg),Way Turn Radius (in),Touch this Point
0.0,0.0,71.0,260.0,12.0,0.0,0,0.0,71.0,260.0,12.0,0.0,3.0,0.0
1.0,0.07157987109950205,72.0,260.0,15.940815892499046,0.0,0,0.0,85.0,260.0,72.0,0.0,3.0,0
2.0,0.12741078522367438,73.0,260.0,19.881631784998092,0.0,0,0.0,200.0,260.0,72.0,0.0,25.0,0
3.0,0.1731731036295867,74.0,260.0,23.822447677497138,0.0,0,-0.0,200.0,235.0,72.0,0.0,3.0,0
4.0,0.2119435296183761,75.0,260.0,27.763263569996184,0.0,0,-0.0,200.0,60.0,72.0,90.0,25.0,0
5.0,0.24557543408915852,76.0,260.0,31.70407946249523,0.0,0,-0.0,70.0,60.0,72.0,90.0,75.0,0
6.0,0.2752715060103696,77.0,260.0,35.644895354994276,0.0,0,-0.0,70.0,140.0,72.0,90.0,3.0,0
7.0,0.30185643055534683,78.0,260.0,39.58571124749332,0.0,0,0.0,70.0,220.0,48.0,0.0,3.0,0
8.0,0.32592027528872536,79.0,260.0,43.52652713999237,0.0,0,0.0,70.0,260.0,12.0,0.0,3.0,0.0
9.0,0.3478997778223454,80.0,260.0,47.467343032491414,0.0,0,0.0,,,,,,
10.0,0.36812723518443324,81.0,260.0,51.40815892499046,0.0,0,0.0,,,,,,
11.0,0.386861346244631,82.0,260.0,55.348974817489506,0.0,0,0.0,,,,,,
12.0,0.4043074517639774,83.0,260.0,59.28979070998855,0.0,0,0.0,,,,,,
13.0,0.4206312643198509,84.0,260.0,63.2306066024876,0.0,0,0.0,,,,,,
14.0,0.43629714971054634,85.0,260.0,64.43533439743032,0.0,0,0.0,,,,,,
15.0,0.4516728475937291,86.0,260.0,65.64006219237305,0.0,0,0.0,,,,,,
16.0,0.4667689130464603,87.0,260.0,66.84478998731578,0.0,0,0.0,,,,,,
17.0,0.48159533554767053,88.0,260.0,68.0495177822585,0.0,0,0.0,,,,,,
18.0,0.49616157867943395,89.0,260.0,69.25424557720123,0.0,0,0.0,,,,,,
19.0,0.5104766164048558,90.0,260.0,70.45897337214396,0.0,0,0.0,,,,,,
20.0,0.5245489662708015,91.0,260.0,71.66370116708669,0.0,0,0.0,,,,,,
21.0,0.5384703673188918,92.0,260.0,72.0,0.0,0,0.0,,,,,,
22.0,0.5523592562077806,93.0,260.0,72.0,0.0,0,0.0,,,,,,
23.0,0.5662481450966694,94.0,260.0,72.0,0.0,0,0.0,,,,,,
24.0,0.5801370339855583,95.0,260.0,72.0,0.0,0,0.0,,,,,,
25.0,0.5940259228744471,96.0,260.0,72.0,0.0,0,0.0,,,,,,
26.0,0.607914811763336,97.0,260.0,72.0,0.0,0,0.0,,,,,,
27.0,0.6218037006522248,98.0,260.0,72.0,0.0,0,0.0,,,,,,
28.0,0.6356925895411136,99.0,260.0,72.0,0.0,0,0.0,,,,,,
29.0,0.6495814784300025,100.0,260.0,72.0,0.0,0,0.0,,,,,,
30.0,0.6634703673188913,101.0,260.0,72.0,0.0,0,0.0,,,,,,
31.0,0.6773592562077801,102.0,260.0,72.0,0.0,0,0.0,,,,,,
32.0,0.691248145096669,103.0,260.0,72.0,0.0,0,0.0,,,,,,
33.0,0.7051370339855578,104.0,260.0,72.0,0.0,0,0.0,,,,,,
34.0,0.7190259228744467,105.0,260.0,72.0,0.0,0,0.0,,,,,,
35.0,0.7329148117633355,106.0,260.0,72.0,0.0,0,0.0,,,,,,
36.0,0.7468037006522243,107.0,260.0,72.0,0.0,0,0.0,,,,,,
37.0,0.7606925895411132,108.0,260.0,72.0,0.0,0,0.0,,,,,,
38.0,0.774581478430002,109.0,260.0,72.0,0.0,0,0.0,,,,,,
39.0,0.7884703673188909,110.0,260.0,72.0,0.0,0,0.0,,,,,,
40.0,0.8023592562077797,111.0,260.0,72.0,0.0,0,0.0,,,,,,
41.0,0.8162481450966685,112.0,260.0,72.0,0.0,0,0.0,,,,,,
42.0,0.8301370339855574,113.0,260.0,72.0,0.0,0,0.0,,,,,,
43.0,0.8440259228744462,114.0,260.0,72.0,0.0,0,0.0,,,,,,
44.0,0.8579148117633351,115.0,260.0,72.0,0.0,0,0.0,,,,,,
45.0,0.8718037006522239,116.0,260.0,72.0,0.0,0,0.0,,,,,,
46.0,0.8856925895411127,117.0,260.0,72.0,0.0,0,0.0,,,,,,
47.0,0.8995814784300016,118.0,260.0,72.0,0.0,0,0.0,,,,,,
48.0,0.9134703673188904,119.0,260.0,72.0,0.0,0,0.0,,,,,,
49.0,0.9273592562077793,120.0,260.0,72.0,0.0,0,0.0,,,,,,
50.0,0.9412481450966681,121.0,260.0,72.0,0.0,0,0.0,,,,,,
51.0,0.9551370339855569,122.0,260.0,72.0,0.0,0,0.0,,,,,,
52.0,0.9690259228744458,123.0,260.0,72.0,0.0,0,-0.0,,,,,,
53.0,0.9829148117633346,124.0,260.0,72.0,0.0,0,-0.0,,,,,,
54.0,0.9968037006522235,125.0,260.0,72.0,0.0,0,-0.0,,,,,,
55.0,1.0106925895411123,126.0,260.0,72.0,0.0,0,-0.0,,,,,,
56.0,1.0245814784300011,127.0,260.0,72.0,0.0,0,-0.0,,,,,,
57.0,1.03847036731889,128.0,260.0,72.0,0.0,0,-0.0,,,,,,
58.0,1.0523592562077788,129.0,260.0,72.0,0.0,0,-0.0,,,,,,
59.0,1.0662481450966677,130.0,260.0,72.0,0.0,0,-0.0,,,,,,
60.0,1.0801370339855565,131.0,260.0,72.0,0.0,0,-0.0,,,,,,
61.0,1.0940259228744453,132.0,260.0,72.0,0.0,0,-0.0,,,,,,
62.0,1.1079148117633342,133.0,260.0,72.0,0.0,0,-0.0,,,,,,
63.0,1.121803700652223,134.0,260.0,72.0,0.0,0,-0.0,,,,,,
64.0,1.1356925895411119,135.0,260.0,72.0,0.0,0,-0.0,,,,,,
65.0,1.1495814784300007,136.0,260.0,72.0,0.0,0,-0.0,,,,,,
66.0,1.1634703673188895,137.0,260.0,72.0,0.0,0,-0.0,,,,,,
67.0,1.1773592562077784,138.0,260.0,72.0,0.0,0,-0.0,,,,,,
68.0,1.1912481450966672,139.0,260.0,72.0,0.0,0,-0.0,,,,,,
69.0,1.205137033985556,140.0,260.0,72.0,0.0,0,-0.0,,,,,,
70.0,1.219025922874445,141.0,260.0,72.0,0.0,0,-0.0,,,,,,
71.0,1.2329148117633337,142.0,260.0,72.0,0.0,0,-0.0,,,,,,
72.0,1.2468037006522226,143.0,260.0,72.0,0.0,0,-0.0,,,,,,
73.0,1.2606925895411114,144.0,260.0,72.0,0.0,0,-0.0,,,,,,
74.0,1.2745814784300002,145.0,260.0,72.0,0.0,0,-0.0,,,,,,
75.0,1.288470367318889,146.0,260.0,72.0,0.0,0,-0.0,,,,,,
76.0,1.302359256207778,147.0,260.0,72.0,0.0,0,-0.0,,,,,,
77.0,1.3162481450966668,148.0,260.0,72.0,0.0,0,-0.0,,,,,,
78.0,1.3301370339855556,149.0,260.0,72.0,0.0,0,-0.0,,,,,,
79.0,1.3440259228744444,150.0,260.0,72.0,0.0,0,-0.0,,,,,,
80.0,1.3579148117633333,151.0,260.0,72.0,0.0,0,-0.0,,,,,,
81.0,1.3718037006522221,152.0,260.0,72.0,0.0,0,-0.0,,,,,,
82.0,1.385692589541111,153.0,260.0,72.0,0.0,0,-0.0,,,,,,
83.0,1.3995814784299998,154.0,260.0,72.0,0.0,0,-0.0,,,,,,
84.0,1.4134703673188886,155.0,260.0,72.0,0.0,0,-0.0,,,,,,
85.0,1.4273592562077775,156.0,260.0,72.0,0.0,0,0.0,,,,,,
86.0,1.4412481450966663,157.0,260.0,72.0,0.0,0,0.0,,,,,,
87.0,1.4551370339855552,158.0,260.0,72.0,0.0,0,0.0,,,,,,
88.0,1.469025922874444,159.0,260.0,72.0,0.0,0,0.0,,,,,,
89.0,1.4829148117633328,160.0,260.0,72.0,0.0,0,0.0,,,,,,
90.0,1.4968037006522217,161.0,260.0,72.0,0.0,0,0.0,,,,,,
91.0,1.5106925895411105,162.0,260.0,72.0,0.0,0,0.0,,,,,,
92.0,1.5245814784299994,163.0,260.0,72.0,0.0,0,0.0,,,,,,
93.0,1.5384703673188882,164.0,260.0,72.0,0.0,0,0.0,,,,,,
94.0,1.552359256207777,165.0,260.0,72.0,0.0,0,0.0,,,,,,
95.0,1.5662481450966659,166.0,260.0,72.0,0.0,0,0.0,,,,,,
96.0,1.5801370339855547,167.0,260.0,72.0,0.0,0,0.0,,,,,,
97.0,1.5940259228744436,168.0,260.0,72.0,0.0,0,0.0,,,,,,
98.0,1.6079148117633324,169.0,260.0,72.0,0.0,0,0.0,,,,,,
99.0,1.6218037006522212,170.0,260.0,72.0,0.0,0,0.0,,,,,,
100.0,1.63569258954111,171.0,260.0,72.0,0.0,0,0.0,,,,,,
101.0,1.649581478429999,172.0,260.0,72.0,0.0,0,0.0,,,,,,
102.0,1.6634703673188878,173.0,260.0,72.0,0.0,0,0.0,,,,,,
103.0,1.6773592562077766,174.0,260.0,72.0,0.0,0,0.0,,,,,,
104.0,1.6912481450966654,175.0,260.0,72.0,0.0,0,0.0,,,,,,
104.99993333466666,1.7051361080781469,175.99973335466586,259.98000266652446,72.0,0.0,0,0.0,,,,,,
105.99986666933331,1.719024071059628,176.99786734922932,259.9200426575655,72.0,0.0,0,0.0,,,,,,
106.99980000399995,1.732912034041109,177.99280518222298,259.82021589634667,72.0,0.0,0,0.0,,,,,,
107.9997333386666,1.7467999970225903,178.98295516535615,259.6806820843907,72.0,0.0,0,0.0,,,,,,
108.99966667333327,1.7606879600040717,179.96673326987653,259.50166444603104,72.0,0.0,0,0.0,,,,,,
109.99960000799994,1.7745759229855533,180.94256566067838,259.2834493713007,72.0,0.0,0,0.0,,,,,,
110.99953334266658,1.7884638859670343,181.90889121410285,259.02638595776926,72.0,0.0,0,0.0,,,,,,
111.99946667733325,1.8023518489485157,182.86416401540296,258.730885452061,72.0,0.0,0,0.0,,,,,,
112.99940001199988,1.8162398119299967,183.80685583187727,258.3974205919484,72.0,0.0,0,0.0,,,,,,
113.99933334666653,1.830127774911478,184.73545855771627,258.0265248500721,72.0,0.0,0,0.0,,,,,,
114.99926668133318,1.8440157378929591,185.64848662665,257.6187915804991,72.0,0.0,0,0.0,,,,,,
115.99920001599983,1.8579037008744403,186.54447938853707,257.1748730694821,72.0,0.0,0,0.0,,,,,,
116.99913335066651,1.871791663855922,187.42200344609344,256.6954794919412,72.0,0.0,0,0.0,,,,,,
117.99906668533312,1.8856796268374028,188.27965494802208,256.1813777753354,72.0,0.0,0,0.0,,,,,,
118.99900001999978,1.8995675898188842,189.1160618348759,255.63339037274196,72.0,0.0,0,0.0,,,,,,
119.99893335466645,1.9134555528003656,189.92988603405982,255.0523939471073,72.0,0.0,0,0.0,,,,,,
120.99886668933308,1.9273435157818466,190.71982560046172,254.4393179687732,72.0,0.0,0,0.0,,,,,,
121.99880002399975,1.941231478763328,191.48461679928684,253.79514322852236,72.0,0.0,0,0.0,,,,,,
122.99873335866641,1.9551194417448094,192.2230361277638,253.1209002685226,72.0,0.0,0,0.0,,,,,,
123.99866669333305,1.9690074047262904,192.93390227248807,252.4176677336791,72.0,0.0,0,0.0,,,,,,
124.99860002799971,1.9828953677077719,193.6160779992715,251.6865706460327,72.0,0.0,0,0.0,,,,,,
125.99853336266635,1.9967833306892528,194.26847197247423,250.9287786049645,72.0,0.0,0,0.0,,,,,,
126.99846669733301,2.0106712936707343,194.89004050090915,250.14550391608654,72.0,0.0,0,0.0,,,,,,
127.99840003199965,2.0245592566522155,195.47978920752496,249.3379996518114,72.0,0.0,0,0.0,,,,,,
128.99833336666632,2.038447219633697,196.03677462019743,248.50755764670348,72.0,0.0,0,0.0,,,,,,
129.998266701333,2.0523351826151788,196.56010568108348,247.65550643081943,72.0,0.0,0,-0.0,,,,,,
130.99820003599962,2.0662231455966595,197.0489451721237,246.78320910434348,72.0,0.0,0,-0.0,,,,,,
131.9981333706663,2.080111108578141,197.50251105441265,245.89206115691778,72.0,0.0,0,-0.0,,,,,,
132.99806670533292,2.093999071559622,197.92007771929417,244.9834882351568,72.0,0.0,0,-0.0,,,,,,
133.99800003999957,2.107887034541103,198.30097714918065,244.05894386191682,72.0,0.0,0,-0.0,,,,,,
134.99793337466622,2.1217749975225844,198.6445999862385,243.1199071109694,72.0,0.0,0,-0.0,,,,,,
135.99786670933287,2.1356629605040656,198.95039650723064,242.16788024079887,72.0,0.0,0,0.0,,,,,,
136.99780004399952,2.1495509234855468,199.21787750295664,241.2043862913093,72.0,0.0,0,0.0,,,,,,
137.99773337866617,2.163438886467028,199.44661506088292,240.23096664728547,72.0,0.0,0,0.0,,,,,,
138.99766671333282,2.177326849448509,199.6362432497115,239.249178572506,72.0,0.0,0,0.0,,,,,,
139.99760004799947,2.1912148124299904,199.78645870479215,238.2605927184536,72.0,0.0,0,0.0,,,,,,
140.99753338266612,2.2051027754114716,199.897021113441,237.26679061160772,72.0,0.0,0,0.0,,,,,,
141.99746671733277,2.218990738392953,199.96775359938957,236.26936212333945,72.0,0.0,0,0.0,,,,,,
142.99746671733277,2.2328796272818416,199.96775359938957,235.26936212333945,72.0,0.0,0,0.0,,,,,,
143.26875214606468,2.236647480458674,200.0,235.0,72.0,0.013688948135378229,0,0.9856042657472359,,,,,,
144.26875214606468,2.2505363693475626,200.0,234.0,72.0,0.04106684440613469,0,1.9712085314944718,,,,,,
145.26875214606468,2.2644252582364515,200.0,233.0,72.0,0.08213368881226937,0,2.9568127972417075,,,,,,
146.26875214606468,2.2783141471253403,200.0,232.0,72.0,0.1368894813537823,0,3.9424170629889437,,,,,,
147.26875214606468,2.292203036014229,200.0,231.0,72.0,0.20533422203067342,0,4.92802132873618,,,,,,
148.26875214606468,2.306091924903118,200.0,230.0,72.0,0.28746791084294276,0,5.913625594483415,,,,,,
149.26875214606468,2.319980813792007,200.0,229.0,72.0,0.38329054779059035,0,6.899229860230651,,,,,,
150.26875214606468,2.3338697026808957,200.0,228.0,72.0,0.4928021328736162,0,7.884834125977887,,,,,,
151.26875214606468,2.3477585915697845,200.0,227.0,72.0,0.6160026660920203,0,8.870438391725123,,,,,,
152.26875214606468,2.3616474804586733,200.0,226.0,72.0,0.7528921474458026,0,9.85604265747236,,,,,,
153.26875214606468,2.375536369347562,200.0,225.0,72.0,0.9034705769349631,0,10.841646923219596,,,,,,
154.26875214606468,2.389425258236451,200.0,224.0,72.0,1.0677379545595018,0,11.82725118896683,,,,,,
155.26875214606468,2.40331414712534,200.0,223.0,72.0,1.2456942803194189,0,12.812855454714066,,,,,,
156.26875214606468,2.4172030360142287,200.0,222.0,72.0,1.437339554214714,0,13.798459720461302,,,,,,
157.26875214606468,2.4310919249031175,200.0,221.0,72.0,1.6426737762453874,0,14.784063986208539,,,,,,
158.26875214606468,2.4449808137920064,200.0,220.0,72.0,1.861696946411439,0,15.769668251955775,,,,,,
159.26875214606468,2.458869702680895,200.0,219.0,72.0,2.094409064712869,0,16.755272517703013,,,,,,
160.26875214606468,2.472758591569784,200.0,218.0,72.0,2.340810131149677,0,17.740876783450247,,,,,,
161.26875214606468,2.486647480458673,200.0,217.0,72.0,2.6009001457218637,0,18.726481049197485,,,,,,
162.26875214606468,2.5005363693475617,200.0,216.0,72.0,2.874679108429428,0,19.71208531494472,,,,,,
163.26875214606468,2.5144252582364506,200.0,215.0,72.0,3.162147019272371,0,20.697689580691954,,,,,,
164.26875214606468,2.5283141471253394,200.0,214.0,72.0,3.463303878250692,0,21.68329384643919,,,,,,
165.26875214606468,2.5422030360142283,200.0,213.0,72.0,3.778149685364391,0,22.668898112186426,,,,,,
166.26875214606468,2.556091924903117,200.0,212.0,72.0,4.106684440613469,0,23.65450237793366,,,,,,
167.26875214606468,2.569980813792006,200.0,211.0,72.0,4.448908143997924,0,24.640106643680898,,,,,,
168.26875214606468,2.5838697026808948,200.0,210.0,72.0,4.804820795517758,0,25.625710909428133,,,,,,
169.26875214606468,2.5977585915697836,200.0,209.0,72.0,5.17442239517297,0,26.61131517517537,,,,,,
170.26875214606468,2.6116474804586725,200.0,208.0,72.0,5.55771294296356,0,27.596919440922605,,,,,,
171.26875214606468,2.6255363693475613,200.0,207.0,72.0,5.954692438889529,0,28.582523706669843,,,,,,
172.26875214606468,2.63942525823645,200.0,206.0,72.0,6.365360882950876,0,29.568127972417077,,,,,,
173.26875214606468,2.653314147125339,200.0,205.0,72.0,6.789718275147601,0,30.553732238164315,,,,,,
174.26875214606468,2.667203036014228,200.0,204.0,72.0,7.227764615479705,0,31.53933650391155,,,,,,
175.26875214606468,2.6810919249031167,200.0,203.0,72.0,7.679499903947186,0,32.524940769658784,,,,,,
176.26875214606468,2.6949808137920055,200.0,202.0,72.0,8.144924140550046,0,33.510545035406025,,,,,,
177.26875214606468,2.7088697026808943,200.0,201.0,72.0,8.624037325288285,0,34.49614930115326,,,,,,
178.26875214606468,2.722758591569783,200.0,200.0,72.0,9.1168394581619,0,35.481753566900494,,,,,,
179.26875214606468,2.736647480458672,200.0,199.0,72.0,9.623330539170894,0,36.46735783264773,,,,,,
180.26875214606468,2.750536369347561,200.0,198.0,72.0,10.143510568315266,0,37.45296209839497,,,,,,
181.26875214606468,2.7644252582364497,200.0,197.0,72.0,10.677379545595016,0,38.438566364142204,,,,,,
182.26875214606468,2.7783141471253385,200.0,196.0,72.0,11.224937471010145,0,39.42417062988944,,,,,,
183.26875214606468,2.7922030360142274,200.0,195.0,72.0,11.786184344560652,0,40.40977489563667,,,,,,
184.26875214606468,2.806091924903116,200.0,194.0,72.0,12.361120166246538,0,41.39537916138391,,,,,,
185.26875214606468,2.819980813792005,200.0,193.0,72.0,12.949744936067802,0,42.38098342713114,,,,,,
186.26875214606468,2.833869702680894,200.0,192.0,72.0,13.552058654024444,0,43.36658769287838,,,,,,
187.26875214606468,2.8477585915697827,200.0,191.0,72.0,14.168061320116465,0,44.35219195862562,,,,,,
188.26875214606468,2.8616474804586716,200.0,190.0,72.0,14.797752934343864,0,45.33779622437285,,,,,,
189.26875214606468,2.8755363693475604,200.0,189.0,72.0,15.441133496706641,0,46.323400490120086,,,,,,
190.26875214606468,2.8894252582364492,200.0,188.0,72.0,16.098203007204795,0,47.30900475586732,,,,,,
191.26875214606468,2.903314147125338,200.0,187.0,72.0,16.768961465838327,0,48.29460902161456,,,,,,
192.26875214606468,2.917203036014227,200.0,186.0,72.0,17.453408872607238,0,49.280213287361796,,,,,,
193.26875214606468,2.9310919249031158,200.0,185.0,72.0,18.151545227511527,0,50.26581755310903,,,,,,
194.26875214606468,2.9449808137920046,200.0,184.0,72.0,18.863370530551194,0,51.251421818856265,,,,,,
195.26875214606468,2.9588697026808934,200.0,183.0,72.0,19.58888478172624,0,52.23702608460351,,,,,,
196.26875214606468,2.9727585915697823,200.0,182.0,72.0,20.328087981036663,0,53.22263035035074,,,,,,
197.26875214606468,2.986647480458671,200.0,181.0,72.0,21.080980128482466,0,54.208234616097975,,,,,,
198.26875214606468,3.00053636934756,200.0,180.0,72.0,21.847561224063647,0,55.19383888184521,,,,,,
199.26875214606468,3.014425258236449,200.0,179.0,72.0,22.627831267780206,0,56.179443147592444,,,,,,
200.26875214606468,3.0283141471253376,200.0,178.0,72.0,23.421790259632143,0,57.165047413339686,,,,,,
201.26875214606468,3.0422030360142265,200.0,177.0,72.0,24.22943819961946,0,58.15065167908692,,,,,,
202.26875214606468,3.0560919249031153,200.0,176.0,72.0,25.043924225626434,0,58.64299387250251,,,,,,
203.26875214606468,3.069980813792004,200.0,175.0,72.0,25.85841025163341,0,58.64299387250251,,,,,,
204.26875214606468,3.083869702680893,200.0,174.0,72.0,26.672896277640383,0,58.64299387250251,,,,,,
205.26875214606468,3.097758591569782,200.0,173.0,72.0,27.487382303647358,0,58.64299387250251,,,,,,
206.26875214606468,3.1116474804586707,200.0,172.0,72.0,28.301868329654333,0,58.64299387250251,,,,,,
207.26875214606468,3.1255363693475595,200.0,171.0,72.0,29.116354355661308,0,58.64299387250251,,,,,,
208.26875214606468,3.1394252582364484,200.0,170.0,72.0,29.930840381668283,0,58.64299387250251,,,,,,
209.26875214606468,3.153314147125337,200.0,169.0,72.0,30.745326407675257,0,58.64299387250251,,,,,,
210.26875214606468,3.167203036014226,200.0,168.0,72.0,31.559812433682232,0,58.64299387250251,,,,,,
211.26875214606468,3.181091924903115,200.0,167.0,72.0,32.37429845968921,0,58.64299387250251,,,,,,
212.26875214606468,3.1949808137920037,200.0,166.0,72.0,33.18878448569618,0,58.64299387250251,,,,,,
213.26875214606468,3.2088697026808926,200.0,165.0,72.0,34.00327051170316,0,58.64299387250251,,,,,,
214.26875214606468,3.2227585915697814,200.0,164.0,72.0,34.81775653771013,0,58.64299387250251,,,,,,
215.26875214606468,3.2366474804586702,200.0,163.0,72.0,35.63224256371711,0,58.64299387250251,,,,,,
216.26875214606468,3.250536369347559,200.0,162.0,72.0,36.44672858972408,0,58.64299387250251,,,,,,
217.26875214606468,3.264425258236448,200.0,161.0,72.0,37.261214615731056,0,58.64299387250251,,,,,,
218.26875214606468,3.2783141471253368,200.0,160.0,72.0,38.07570064173803,0,58.64299387250251,,,,,,
219.26875214606468,3.2922030360142256,200.0,159.0,72.0,38.890186667745006,0,58.64299387250251,,,,,,
220.26875214606468,3.3060919249031144,200.0,158.0,72.0,39.70467269375198,0,58.64299387250251,,,,,,
221.26875214606468,3.3199808137920033,200.0,157.0,72.0,40.519158719758956,0,58.64299387250251,,,,,,
222.26875214606468,3.333869702680892,200.0,156.0,72.0,41.33364474576593,0,58.64299387250251,,,,,,
223.26875214606468,3.347758591569781,200.0,155.0,72.0,42.148130771772905,0,58.64299387250251,,,,,,
224.26875214606468,3.36164748045867,200.0,154.0,72.0,42.96261679777988,0,58.64299387250251,,,,,,
225.26875214606468,3.3755363693475586,200.0,153.0,72.0,43.777102823786855,0,58.64299387250251,,,,,,
226.26875214606468,3.3894252582364475,200.0,152.0,72.0,44.59158884979383,0,58.64299387250251,,,,,,
227.26875214606468,3.4033141471253363,200.0,151.0,72.0,45.406074875800805,0,58.64299387250251,,,,,,
228.26875214606468,3.417203036014225,200.0,150.0,72.0,46.22056090180778,0,58.64299387250251,,,,,,
229.26875214606468,3.431091924903114,200.0,149.0,72.0,47.035046927814754,0,58.64299387250251,,,,,,
230.26875214606468,3.444980813792003,200.0,148.0,72.0,47.84953295382173,0,58.64299387250251,,,,,,
231.26875214606468,3.4588697026808917,200.0,147.0,72.0,48.664018979828704,0,58.64299387250251,,,,,,
232.26875214606468,3.4727585915697805,200.0,146.0,72.0,49.47850500583568,0,58.64299387250251,,,,,,
233.26875214606468,3.4866474804586693,200.0,145.0,72.0,50.292991031842654,0,58.64299387250251,,,,,,
234.26875214606468,3.500536369347558,200.0,144.0,72.0,51.10747705784963,0,58.64299387250251,,,,,,
235.26875214606468,3.514425258236447,200.0,143.0,72.0,51.9219630838566,0,58.64299387250251,,,,,,
236.26875214606468,3.528314147125336,200.0,142.0,72.0,52.73644910986358,0,58.64299387250251,,,,,,
237.26875214606468,3.5422030360142247,200.0,141.0,72.0,53.55093513587055,0,58.64299387250251,,,,,,
238.26875214606468,3.5560919249031135,200.0,140.0,72.0,54.36542116187753,0,58.64299387250251,,,,,,
239.26875214606468,3.5699808137920024,200.0,139.0,72.0,55.1799071878845,0,58.64299387250251,,,,,,
240.26875214606468,3.5838697026808912,200.0,138.0,72.0,55.99439321389148,0,58.64299387250251,,,,,,
241.26875214606468,3.59775859156978,200.0,137.0,72.0,56.80887923989845,0,58.64299387250251,,,,,,
242.26875214606468,3.611647480458669,200.0,136.0,72.0,57.62336526590543,0,58.64299387250251,,,,,,
243.26875214606468,3.6255363693475577,200.0,135.0,72.0,58.4378512919124,0,58.64299387250251,,,,,,
244.26875214606468,3.6394252582364466,200.0,134.0,72.0,59.25233731791938,0,58.64299387250251,,,,,,
245.26875214606468,3.6533141471253354,200.0,133.0,72.0,60.06682334392635,0,58.64299387250251,,,,,,
246.26875214606468,3.6672030360142243,200.0,132.0,72.0,60.88130936993333,0,58.64299387250251,,,,,,
247.26875214606468,3.681091924903113,200.0,131.0,72.0,61.6957953959403,0,58.64299387250251,,,,,,
248.26875214606468,3.694980813792002,200.0,130.0,72.0,62.510281421947276,0,58.64299387250251,,,,,,
249.26875214606468,3.708869702680891,200.0,129.0,72.0,63.32476744795425,0,58.64299387250251,,,,,,
250.26875214606468,3.7227585915697796,200.0,128.0,72.0,64.13925347396123,0,58.64299387250251,,,,,,
251.26875214606468,3.7366474804586685,200.0,127.0,72.0,64.95373949996821,0,58.64299387250251,,,,,,
252.26875214606468,3.7505363693475573,200.0,126.0,72.0,65.76822552597518,0,58.64299387250251,,,,,,
253.26875214606468,3.764425258236446,200.0,125.0,72.0,66.5758552143967,0,58.14933756634971,,,,,,
254.26875214606468,3.778314147125335,200.0,124.0,72.0,67.36979595468284,0,57.16373330060247,,,,,,
255.26875214606468,3.792203036014224,200.0,123.0,72.0,68.15004774683361,0,56.17812903485524,,,,,,
256.2687521460647,3.8060919249031127,200.0,122.0,72.0,68.91661059084899,0,55.192524769108005,,,,,,
257.2687521460647,3.8199808137920015,200.0,121.0,72.0,69.669484486729,0,54.20692050336076,,,,,,
258.2687521460647,3.8338697026808903,200.0,120.0,72.0,70.40866943447364,0,53.22131623761353,,,,,,
259.2687521460647,3.847758591569779,200.0,119.0,72.0,71.13416543408289,0,52.235711971866294,,,,,,
260.2687521460647,3.861647480458668,200.0,118.0,72.0,71.84597248555676,0,51.25010770611906,,,,,,
261.2687521460647,3.875536369347557,200.0,117.0,72.0,72.54409058889526,0,50.264503440371826,,,,,,
262.2687521460647,3.8894252582364457,200.0,116.0,72.0,73.22851974409838,0,49.27889917462459,,,,,,
263.2687521460647,3.9033141471253345,200.0,115.0,72.0,73.89925995116612,0,48.29329490887736,,,,,,
264.2687521460647,3.9172030360142234,200.0,114.0,72.0,74.55631121009847,0,47.307690643130115,,,,,,
265.2687521460647,3.931091924903112,200.0,113.0,72.0,75.19967352089546,0,46.32208637738288,,,,,,
266.2687521460647,3.944980813792001,200.0,112.0,72.0,75.82934688355706,0,45.33648211163565,,,,,,
267.2687521460647,3.95886970268089,200.0,111.0,72.0,76.44533129808329,0,44.35087784588841,,,,,,
268.2687521460647,3.9727585915697787,200.0,110.0,72.0,77.04762676447413,0,43.36527358014118,,,,,,
269.2687521460647,3.9866474804586676,200.0,109.0,72.0,77.63623328272962,0,42.37966931439394,,,,,,
270.2687521460647,4.000536369347556,200.0,108.0,72.0,78.21115085284973,0,41.394065048646674,,,,,,
271.2687521460647,4.014425258236446,200.0,107.0,72.0,78.77237947483445,0,40.40846078289941,,,,,,
272.2687521460647,4.028314147125335,200.0,106.0,72.0,79.31991914868381,0,39.42285651715214,,,,,,
273.2687521460647,4.042203036014224,200.0,105.0,72.0,79.85376987439778,0,38.43725225140487,,,,,,
274.2687521460647,4.0560919249031135,200.0,104.0,72.0,80.37393165197638,0,37.45164798565761,,,,,,
275.2687521460647,4.069980813792003,200.0,103.0,72.0,80.88040448141959,0,36.46604371991034,,,,,,
276.2687521460647,4.083869702680892,200.0,102.0,72.0,81.37318836272742,0,35.480439454163076,,,,,,
277.2687521460647,4.097758591569781,200.0,101.0,72.0,81.85228329589988,0,34.494835188415806,,,,,,
278.2687521460647,4.111647480458671,200.0,100.0,72.0,82.31768928093696,0,33.509230922668536,,,,,,
279.2687521460647,4.12553636934756,200.0,99.0,72.0,82.76940631783866,0,32.523626656921266,,,,,,
280.2687521460647,4.139425258236449,200.0,98.0,72.0,83.20743440660497,0,31.538022391174003,,,,,,
281.2687521460647,4.1533141471253385,200.0,97.0,72.0,83.63177354723591,0,30.55241812542674,,,,,,
282.2687521460647,4.167203036014228,200.0,96.0,72.0,84.04242373973148,0,29.56681385967947,,,,,,
283.2687521460647,4.181091924903117,200.0,95.0,72.0,84.43938498409166,0,28.581209593932204,,,,,,
284.2687521460647,4.194980813792006,200.0,94.0,72.0,84.82265728031646,0,27.595605328184934,,,,,,
285.2687521460647,4.208869702680896,200.0,93.0,72.0,85.19224062840588,0,26.610001062437668,,,,,,
286.2687521460647,4.222758591569785,200.0,92.0,72.0,85.54813502835992,0,25.624396796690405,,,,,,
287.2687521460647,4.236647480458674,200.0,91.0,72.0,85.8903404801786,0,24.638792530943135,,,,,,
288.2687521460647,4.2505363693475635,200.0,90.0,72.0,86.21885698386188,0,23.653188265195865,,,,,,
289.2687521460647,4.264425258236453,200.0,89.0,72.0,86.53368453940979,0,22.667583999448603,,,,,,
290.2687521460647,4.278314147125342,200.0,88.0,72.0,86.83482314682232,0,21.68197973370134,,,,,,
291.2687521460647,4.292203036014231,200.0,87.0,72.0,87.12227280609946,0,20.69637546795407,,,,,,
292.2687521460647,4.306091924903121,200.0,86.0,72.0,87.39601526689216,0,19.7107712022068,,,,,,
293.2687521460647,4.31998081379201,200.0,85.0,72.0,87.65607060464524,0,18.725232642096458,,,,,,
294.26868548073134,4.333868776773492,199.98000266652446,84.00026664533415,72.0,87.90243881935866,0,17.739694081986123,,,,,,
295.268618815398,4.347756739754973,199.9200426575655,83.00213265077068,72.0,88.13511991103246,0,16.75415552187578,,,,,,
296.26855215006464,4.361644702736455,199.82021589634667,82.00719481777702,72.0,88.35411387966663,0,15.768616961765446,,,,,,
297.2684854847313,4.3755326657179365,199.68068208439067,81.01704483464385,72.0,88.55942072526115,0,14.783078401655104,,,,,,
298.26841881939794,4.389420628699418,199.50166444603104,80.03326673012347,72.0,88.75104044781604,0,13.797539841544769,,,,,,
299.2683521540646,4.4033085916809,199.28344937130075,79.05743433932163,72.0,88.9289730473313,0,12.81200128143442,,,,,,
300.26828548873124,4.4171965546623815,199.02638595776926,78.09110878589715,72.0,89.09321852380693,0,11.826462721324077,,,,,,
301.2682188233979,4.431084517643863,198.73088545206102,77.13583598459705,72.0,89.24377687724291,0,10.840924161213742,,,,,,
302.26815215806454,4.444972480625345,198.39742059194836,76.19314416812276,72.0,89.38064810763926,0,9.8553856011034,,,,,,
303.2680854927312,4.458860443606826,198.02652485007212,75.26454144228374,72.0,89.50383221499598,0,8.869847040993065,,,,,,
304.26801882739784,4.472748406588308,197.61879158049908,74.35151337335002,72.0,89.61332919931306,0,7.884308480882723,,,,,,
305.2679521620645,4.48663636956979,197.17487306948212,73.45552061146293,72.0,89.7091390605905,0,6.898769920772374,,,,,,
306.26788549673114,4.500524332551271,196.69547949194126,72.57799655390659,72.0,89.79126179882832,0,5.913231360662039,,,,,,
307.2678188313978,4.514412295532753,196.1813777753354,71.72034505197792,72.0,89.85969741402648,0,4.9276928005516965,,,,,,
308.26775216606444,4.528300258514235,195.63339037274196,70.88393816512412,72.0,89.91444590618502,0,3.9421542404413614,,,,,,
309.2676855007311,4.542188221495716,195.0523939471073,70.0701139659402,72.0,89.95550727530393,0,2.9566156803310193,,,,,,
310.26761883539774,4.556076184477198,194.4393179687732,69.28017439953828,72.0,89.9828815213832,0,1.9710771202206772,,,,,,
311.2675521700644,4.56996414745868,193.79514322852236,68.51538320071317,72.0,90.0,0,0.9855385601103421,,,,,,
312.26748550473104,4.583852110440161,193.12090026852263,67.77696387223622,72.0,90.0,0,0.0,,,,,,
313.2674188393977,4.597740073421643,192.41766773367914,67.06609772751193,72.0,90.0,0,0.0,,,,,,
314.26735217406434,4.611628036403125,191.6865706460327,66.38392200072852,72.0,90.0,0,0.0,,,,,,
315.267285508731,4.625515999384606,190.9287786049645,65.73152802752577,72.0,90.0,0,0.0,,,,,,
316.26721884339764,4.639403962366088,190.14550391608657,65.10995949909085,72.0,90.0,0,0.0,,,,,,
317.2671521780643,4.6532919253475695,189.3379996518114,64.52021079247504,72.0,90.0,0,0.0,,,,,,
318.26708551273094,4.667179888329051,188.5075576467035,63.96322537980258,72.0,90.0,0,0.0,,,,,,
319.2670188473976,4.681067851310533,187.65550643081946,63.43989431891654,72.0,90.0,0,0.0,,,,,,
320.26695218206424,4.6949558142920145,186.78320910434348,62.951054827876305,72.0,90.0,0,0.0,,,,,,
321.2668855167309,4.708843777273496,185.8920611569178,62.49748894558738,72.0,90.0,0,0.0,,,,,,
322.26681885139755,4.722731740254978,184.9834882351568,62.07992228070582,72.0,90.0,0,0.0,,,,,,
323.2667521860642,4.736619703236459,184.05894386191682,61.69902285081933,72.0,90.0,0,0.0,,,,,,
324.26668552073085,4.750507666217941,183.1199071109694,61.355400013761525,72.0,90.0,0,0.0,,,,,,
325.2666188553975,4.764395629199423,182.16788024079887,61.04960349276937,72.0,90.0,0,0.0,,,,,,
326.26655219006415,4.778283592180904,181.2043862913093,60.78212249704337,72.0,90.0,0,0.0,,,,,,
327.2664855247308,4.792171555162386,180.23096664728547,60.553384939117095,72.0,90.0,0,0.0,,,,,,
328.26641885939745,4.806059518143868,179.249178572506,60.363756750288495,72.0,90.0,0,0.0,,,,,,
329.2663521940641,4.819947481125349,178.2605927184536,60.21354129520783,72.0,90.0,0,0.0,,,,,,
330.26628552873075,4.833835444106831,177.26679061160772,60.102978886559,72.0,90.0,0,0.0,,,,,,
331.2662188633974,4.847723407088313,176.26936212333948,60.032246400610425,72.0,90.0,0,0.0,,,,,,
332.2662188633974,4.861612295977202,175.26936212333948,60.032246400610425,72.0,90.0,0,0.0,,,,,,
333.2662188633974,4.875501184866091,174.26936212333948,60.032246400610425,72.0,90.0,0,0.0,,,,,,
334.2662188633974,4.8893900737549805,173.26936212333948,60.032246400610425,72.0,90.0,0,0.0,,,,,,
335.2662188633974,4.90327896264387,172.26936212333948,60.032246400610425,72.0,90.0,0,0.0,,,,,,
336.2662188633974,4.917167851532759,171.26936212333948,60.032246400610425,72.0,90.0,0,0.0,,,,,,
337.2662188633974,4.931056740421648,170.26936212333948,60.032246400610425,72.0,90.0,0,0.0,,,,,,
338.2662188633974,4.944945629310538,169.26936212333948,60.032246400610425,72.0,90.0,0,0.0,,,,,,
339.2662188633974,4.958834518199427,168.26936212333948,60.032246400610425,72.0,90.0,0,0.0,,,,,,
340.2662188633974,4.972723407088316,167.26936212333948,60.032246400610425,72.0,90.0,0,0.0,,,,,,
341.2662188633974,4.9866122959772055,166.26936212333948,60.032246400610425,72.0,90.0,0,0.0,,,,,,
342.2662188633974,5.000501184866095,165.26936212333948,60.032246400610425,72.0,90.0,0,0.0,,,,,,
343.2662188633974,5.014390073754984,164.26936212333948,60.032246400610425,72.0,90.0,0,0.0,,,,,,
344.2662188633974,5.028278962643873,163.26936212333948,60.032246400610425,72.0,90.0,0,0.0,,,,,,
345.2662188633974,5.042167851532763,162.26936212333948,60.032246400610425,72.0,90.0,0,0.0,,,,,,
346.2662188633974,5.056056740421652,161.26936212333948,60.032246400610425,72.0,90.0,0,0.0,,,,,,
347.2662188633974,5.069945629310541,160.26936212333948,60.032246400610425,72.0,90.0,0,0.0,,,,,,
348.2662188633974,5.08383451819943,159.26936212333948,60.032246400610425,72.0,90.0,0,0.0,,,,,,
349.2662188633974,5.09772340708832,158.26936212333948,60.032246400610425,72.0,90.0,0,0.0,,,,,,
350.2662188633974,5.111612295977209,157.26936212333948,60.032246400610425,72.0,90.0,0,0.0,,,,,,
351.2662188633974,5.125501184866098,156.26936212333948,60.032246400610425,72.0,90.0,0,-0.0,,,,,,
352.2662188633974,5.139390073754988,155.26936212333948,60.032246400610425,72.0,90.0,0,-0.0,,,,,,
353.2662188633974,5.153278962643877,154.26936212333948,60.032246400610425,72.0,90.0,0,-0.0,,,,,,
354.2662188633974,5.167167851532766,153.26936212333948,60.032246400610425,72.0,90.0,0,-0.0,,,,,,
355.2662188633974,5.181056740421655,152.26936212333948,60.032246400610425,72.0,90.0,0,-0.0,,,,,,
356.2662188633974,5.194945629310545,151.26936212333948,60.032246400610425,72.0,90.0,0,-0.0,,,,,,
357.2662188633974,5.208834518199434,150.26936212333948,60.032246400610425,72.0,90.0,0,-0.0,,,,,,
358.2662188633974,5.222723407088323,149.26936212333948,60.032246400610425,72.0,90.0,0,-0.0,,,,,,
359.2662188633974,5.236612295977213,148.26936212333948,60.032246400610425,72.0,90.0,0,-0.0,,,,,,
360.2662188633974,5.250501184866102,147.26936212333948,60.032246400610425,72.0,90.0,0,-0.0,,,,,,
361.2662188633974,5.264390073754991,146.26936212333948,60.032246400610425,72.0,90.0,0,-0.0,,,,,,
362.2662188633974,5.27827896264388,145.26936212333948,60.032246400610425,72.0,90.0,0,-0.0,,,,,,
363.2669096323489,5.292177445545985,144.2690825612939,60.00356168658544,72.0,90.0,0,-0.0,,,,,,
364.26690222495796,5.306066231554444,143.26922464788404,60.01997321499206,72.0,90.0,0,-0.0,,,,,,
365.26689481756705,5.319955017562903,142.2696744233117,60.04971432846115,72.0,90.0,0,-0.0,,,,,,
366.2668874101761,5.333843803571362,141.27060958276206,60.09277973976198,72.0,90.0,0,-0.0,,,,,,
367.2668800027852,5.347732589579822,140.27220773513105,60.14916179293485,72.0,90.0,0,-0.0,,,,,,
368.2668725953942,5.361621375588281,139.27464637145098,60.21885046465212,72.0,90.0,0,-0.0,,,,,,
369.2668651880033,5.375510161596741,138.27810283333693,60.30183336600015,72.0,90.0,0,-0.0,,,,,,
370.2668577806123,5.3893989476051996,137.28275428145997,60.39809574468171,72.0,90.0,0,-0.0,,,,,,
371.2668503732214,5.403287733613659,136.28877766405228,60.50762048763856,72.0,90.0,0,-0.0,,,,,,
372.2668429658305,5.417176519622119,135.2963496854502,60.63038812409374,72.0,90.0,0,-0.0,,,,,,
373.26683555843954,5.431065305630578,134.3056467746806,60.766376829012984,72.0,90.0,0,-0.0,,,,,,
374.2668281510486,5.444954091639038,133.31684505409612,60.91556242698469,72.0,90.0,0,-0.0,,,,,,
375.26682074365766,5.458842877647497,132.33012030806512,61.0779183965177,72.0,90.0,0,-0.0,,,,,,
376.26681333626675,5.472731663655956,131.3456479517214,61.25341587475614,72.0,90.0,0,-0.0,,,,,,
377.2668059288758,5.486620449664415,130.36360299977997,61.442023662610524,72.0,90.0,0,-0.0,,,,,,
378.2667985214849,5.500509235672875,129.38416003542358,61.64370823030421,72.0,90.0,0,-0.0,,,,,,
379.26679111409396,5.514398021681335,128.40749317926634,61.858433723334116,72.0,90.0,0,-0.0,,,,,,
380.266783706703,5.528286807689794,127.4337760583993,62.08616196884479,72.0,90.0,0,-0.0,,,,,,
381.2667762993121,5.5421755936982535,126.46318177552385,62.32685248241461,72.0,90.0,0,-0.0,,,,,,
382.2667688919211,5.556064379706712,125.49588287817848,62.58046247525279,72.0,90.0,0,-0.0,,,,,,
383.2667614845302,5.569953165715172,124.53205132806396,62.84694686180639,72.0,90.0,0,0.0,,,,,,
384.26675407713924,5.583841951723631,123.57185847047298,63.12625826777516,72.0,90.0,0,0.0,,,,,,
385.26674666974833,5.597730737732091,122.61547500382909,63.41834703853368,72.0,90.0,0,0.0,,,,,,
386.26673926235736,5.61161952374055,121.66307094934086,63.72316124795866,72.0,90.0,0,0.0,,,,,,
387.2667318549664,5.625508309749009,120.71481562077628,64.04064670766012,72.0,90.0,0,0.0,,,,,,
388.2667244475754,5.6393970957574675,119.77087759436294,64.3707469766147,72.0,90.0,0,0.0,,,,,,
389.26671704018446,5.653285881765926,118.83142467881949,64.71340337119955,72.0,90.0,0,0.0,,,,,,
390.26670963279355,5.667174667774386,117.8966238855233,65.06855497562478,72.0,90.0,0,0.0,,,,,,
391.2667022254026,5.681063453782845,116.96664139882007,65.43613865276274,72.0,90.0,0,0.0,,,,,,
392.2666948180117,5.694952239791305,116.04164254648032,65.81608905537227,72.0,90.0,0,0.0,,,,,,
393.2666874106207,5.708841025799764,115.12179177030829,66.20833863771583,72.0,90.0,0,0.0,,,,,,
394.26668000322974,5.722729811808223,114.2072525969082,66.61281766756738,72.0,90.0,0,0.0,,,,,,
395.2666725958388,5.736618597816682,113.29818760861335,67.02945423860918,72.0,90.0,0,0.0,,,,,,
396.26666518844786,5.750507383825141,112.39475841458298,67.45817428321476,72.0,90.0,0,0.0,,,,,,
397.2666577810569,5.7643961698336,111.4971256220722,67.89890158561643,72.0,90.0,0,0.0,,,,,,
398.2666503736659,5.778284955842059,110.60544880788,68.35155779545454,72.0,90.0,0,0.0,,,,,,
399.26664296627496,5.792173741850518,109.71988648998047,68.81606244170618,72.0,90.0,0,0.0,,,,,,
400.266635558884,5.806062527858977,108.8405960993422,69.29233294699092,72.0,90.0,0,0.0,,,,,,
401.266628151493,5.819951313867436,107.96773395194111,69.78028464225112,72.0,90.0,0,0.0,,,,,,
402.26662074410206,5.833840099875895,107.10145522097116,70.27983078180384,72.0,90.0,0,0.0,,,,,,
403.2666133367111,5.8477288858843535,106.24191390925851,70.79088255876218,72.0,90.0,0,0.0,,,,,,
404.2666059293201,5.861617671892812,105.3892628218837,71.31334912082286,72.0,90.0,0,0.0,,,,,,
405.26659852192915,5.875506457901271,104.54365353901659,71.84713758641755,72.0,90.0,0,0.0,,,,,,
406.2665911145382,5.88939524390973,103.70523638896927,72.39215306122489,72.0,90.0,0,0.0,,,,,,
407.2665837071472,5.903284029918189,102.87416042147134,72.94829865504033,72.0,90.0,0,0.0,,,,,,
408.26657629975625,5.917172815926648,102.05057338117265,73.51547549900084,72.0,90.0,0,0.0,,,,,,
409.2665688923653,5.931061601935107,101.23462168137793,74.09358276316128,72.0,90.0,0,0.0,,,,,,
410.2665614849743,5.944950387943566,100.42645037801813,74.68251767441947,72.0,90.0,0,0.0,,,,,,
411.26655407758335,5.958839173952025,99.62620314386314,75.28217553478672,72.0,90.0,0,0.0,,,,,,
412.2665466701924,5.9727279599604834,98.83402224298028,75.89244974000056,72.0,90.0,0,0.0,,,,,,
413.2665392628014,5.986616745968942,98.05004850544331,76.51323179847621,72.0,90.0,0,0.0,,,,,,
414.26653185541045,6.000505531977401,97.27442130229636,77.14441135059383,72.0,90.0,0,0.0,,,,,,
415.2665244480195,6.01439431798586,96.50727852077719,77.7858761883176,72.0,90.0,0,0.0,,,,,,
416.2665170406285,6.028283103994319,95.74875653980429,78.4375122751436,72.0,90.0,0,0.0,,,,,,
417.26650963323755,6.042171890002778,94.9989902057321,79.09920376637265,72.0,90.0,0,0.0,,,,,,
418.2665022258466,6.056060676011237,94.25811280837867,79.77083302970455,72.0,90.0,0,0.0,,,,,,
419.2664948184556,6.069949462019696,93.52625605733002,80.45228066615027,72.0,90.0,0,0.0,,,,,,
420.26648741106465,6.0838382480281545,92.80355005852547,81.14342553125809,72.0,90.0,0,0.0,,,,,,
421.2664800036737,6.097727034036613,92.09012329112812,81.84414475665004,72.0,90.0,0,0.0,,,,,,
422.2664725962827,6.111615820045072,91.38610258468425,82.5543137718649,72.0,90.0,0,0.0,,,,,,
423.26646518889174,6.125504606053531,90.69161309657642,83.27380632650369,72.0,90.0,0,0.0,,,,,,
424.2664577815008,6.13939339206199,90.00677828977337,84.00249451267388,72.0,90.0,0,0.0,,,,,,
425.2664503741098,6.153282178070449,89.33171991088156,84.74024878772818,72.0,90.0,0,0.0,,,,,,
426.26644296671884,6.167170964078908,88.66655796850151,85.48693799729409,72.0,90.0,0,0.0,,,,,,
427.2664355593279,6.181059750087367,88.01141071189338,86.24242939858982,72.0,90.0,0,0.0,,,,,,
428.2664281519369,6.194948536095826,87.36639460995504,87.00658868402267,72.0,90.0,0,0.0,,,,,,
429.26642074454594,6.2088373221042845,86.73162433051696,87.7792800050656,72.0,90.0,0,0.0,,,,,,
430.266413337155,6.222726108112743,86.107212719957,88.5603659964077,72.0,90.0,0,0.0,,,,,,
431.266405929764,6.236614894121202,85.49327078313917,89.34970780037435,72.0,90.0,0,0.0,,,,,,
432.26639852237304,6.250503680129661,84.88990766367974,90.14716509161266,72.0,90.0,0,0.0,,,,,,
433.26639111498207,6.26439246613812,84.29723062454414,90.95259610203777,72.0,90.0,0,0.0,,,,,,
434.2663837075911,6.278281252146579,83.71534502897842,91.76585764603581,72.0,90.0,0,0.0,,,,,,
435.26637630020014,6.292170038155038,83.14435432177814,92.58680514591865,72.0,90.0,0,0.0,,,,,,
436.26636889280917,6.306058824163497,82.58436001089851,93.41529265762622,72.0,90.0,0,0.0,,,,,,
437.2663614854182,6.319947610171956,82.03546164940883,94.25117289667182,72.0,90.0,0,0.0,,,,,,
438.26635407802723,6.3338363961804145,81.49775681779438,95.09429726432549,72.0,90.0,0,0.0,,,,,,
439.26634667063627,6.347725182188873,80.97134110660905,95.94451587403137,72.0,90.0,0,0.0,,,,,,
440.2663392632453,6.361613968197332,80.45630809948172,96.80167757805364,72.0,90.0,0,0.0,,,,,,
441.26633185585433,6.375502754205791,79.95274935647943,97.66562999434686,72.0,90.0,0,0.0,,,,,,
442.26632444846337,6.38939154021425,79.46075439783026,98.5362195336458,72.0,90.0,0,0.0,,,,,,
443.2663170410724,6.403280326222709,78.98041068800883,99.41329142676972,72.0,90.0,0,0.0,,,,,,
444.26630963368143,6.417169112231168,78.51180362018738,100.29668975213644,72.0,90.0,0,-0.0,,,,,,
445.26630222629046,6.431057898239627,78.05501650105488,101.18625746348144,72.0,90.0,0,-0.0,,,,,,
446.2662948188995,6.444946684248086,77.61013053600722,102.08183641777669,72.0,90.0,0,-0.0,,,,,,
447.26628741150853,6.4588354702565445,77.17722481471094,102.98326740334457,72.0,90.0,0,-0.0,,,,,,
448.26628000411756,6.472724256265003,76.75637629704299,103.8903901681618,72.0,90.0,0,-0.0,,,,,,
449.2662725967266,6.486613042273462,76.34765979940923,104.80304344834818,72.0,90.0,0,-0.0,,,,,,
450.2662651893356,6.500501828281921,75.9511479814439,105.72106499683535,72.0,90.0,0,-0.0,,,,,,
451.26625778194466,6.51439061429038,75.56691133309255,106.6442916122103,72.0,90.0,0,-0.0,,,,,,
452.2662503745537,6.528279400298839,75.19501816208069,107.57255916772849,72.0,90.0,0,-0.0,,,,,,
453.2662429671627,6.542168186307298,74.83553458177037,108.5057026404915,72.0,90.0,0,-0.0,,,,,,
454.26623555977176,6.556056972315757,74.48852449940688,109.44355614078407,72.0,90.0,0,-0.0,,,,,,
455.2662281523808,6.569945758324216,74.15404960475756,110.38595294156508,72.0,90.0,0,-0.0,,,,,,
456.2662207449898,6.5838345443326745,73.83216935914503,111.33272550810753,72.0,90.0,0,-0.0,,,,,,
457.26621333759886,6.597723330341133,73.52294098487629,112.283705527782,72.0,90.0,0,-0.0,,,,,,
458.2662059302079,6.611612116349592,73.22641945507011,113.23872393997854,72.0,90.0,0,-0.0,,,,,,
459.2661985228169,6.625500902358051,72.94265748388422,114.1976109661613,72.0,90.0,0,-0.0,,,,,,
460.26619111542595,6.63938968836651,72.67170551714386,115.16019614005111,72.0,90.0,0,-0.0,,,,,,
461.266183708035,6.653278474374969,72.41361172337399,116.12630833793004,72.0,90.0,0,-0.0,,,,,,
462.266176300644,6.667167260383428,72.16842198523594,117.0957758090629,72.0,90.0,0,-0.0,,,,,,
463.26616889325305,6.681056046391887,71.93617989137076,118.06842620623038,72.0,90.0,0,0.0,,,,,,
464.2661614858621,6.6949448324003455,71.71692672865012,119.04408661636803,72.0,90.0,0,0.0,,,,,,
465.2661540784711,6.708833618408804,71.51070147483662,120.02258359130587,72.0,90.0,0,0.0,,,,,,
466.26614667108015,6.722722404417263,71.31754079165447,121.00374317860326,72.0,90.0,0,0.0,,,,,,
467.2661392636892,6.736611190425722,71.1374790182719,121.98739095247319,72.0,90.0,0,0.0,,,,,,
468.2661318562982,6.750499976434181,70.97054816519666,122.973352044791,72.0,90.0,0,0.0,,,,,,
469.26612444890725,6.76438876244264,70.8167779085852,123.96145117618147,72.0,90.0,0,0.0,,,,,,
470.2661170415163,6.778277548451099,70.67619558496699,124.95151268717918,72.0,90.0,0,0.0,,,,,,
471.2661096341253,6.792166334459558,70.54882618638493,125.94336056945639,72.0,90.0,0,0.0,,,,,,
472.26610222673435,6.806055120468017,70.43469235595215,126.93681849711297,72.0,90.0,0,0.0,,,,,,
473.2660948193434,6.8199439064764755,70.33381438382682,127.93170985802271,72.0,90.0,0,0.0,,,,,,
474.2660874119524,6.833832692484934,70.24621020360496,128.92785778523063,72.0,90.0,0,0.0,,,,,,
475.26608000456145,6.847721478493393,70.17189538913232,129.92508518839543,72.0,90.0,0,0.0,,,,,,
476.26607259717053,6.861610264501853,70.11088315173576,130.92321478527194,72.0,90.0,0,0.0,,,,,,
477.26606518977957,6.875499050510312,70.06318433787457,131.9220691332272,72.0,90.0,0,0.0,,,,,,
478.2660577823886,6.889387836518771,70.02880742721224,132.92147066078573,72.0,90.0,0,0.0,,,,,,
479.26605037499763,6.90327662252723,70.00775853110905,133.9212416991969,72.0,90.0,0,0.0,,,,,,
480.26605037499763,6.917165511416119,70.00775853110905,134.9212416991969,72.0,90.0,0,0.0,,,,,,
481.26605037499763,6.931054400305008,70.00775853110905,135.9212416991969,72.0,90.0,0,0.0,,,,,,
482.26605037499763,6.944943289193898,70.00775853110905,136.9212416991969,72.0,90.0,0,0.0,,,,,,
483.26605037499763,6.958832178082787,70.00775853110905,137.9212416991969,72.0,90.0,0,0.0,,,,,,
484.26605037499763,6.972721066971676,70.00775853110905,138.9212416991969,72.0,90.0,0,0.0,,,,,,
485.26605037499763,6.986609955860565,70.00775853110905,139.9212416991969,72.0,90.0,0,0.0,,,,,,
485.34518990210233,6.9877092972120645,70.0,140.0,71.97625814186858,89.95788741786473,0,-3.0121554208287074,,,,,,
486.34518990210233,7.001631782189979,70.0,141.0,71.67625814186859,89.87313012787381,0,-6.036944616298063,,,,,,
487.34518990210233,7.015612661743563,70.0,142.0,71.37625814186859,89.74518775153413,0,-9.074474011551994,,,,,,
488.34518990210233,7.0296524277805235,70.0,143.0,71.07625814186859,89.57351149823705,0,-12.124851382188425,,,,,,
489.34518990210233,7.043751578450502,70.0,144.0,70.7762581418686,89.35754400219076,0,-15.188185877204234,,,,,,
490.34518990210233,7.057910618251128,70.0,145.0,70.4762581418686,89.096719155525,0,-18.264588042429995,,,,,,
491.34518990210233,7.072130058136337,70.0,146.0,70.1762581418686,88.79046193746206,0,-21.354169844467243,,,,,,
492.34518990210233,7.08641041562701,70.0,147.0,69.8762581418686,88.43818823944476,0,-24.457044695139363,,,,,,
493.34518990210233,7.100752214923989,70.0,148.0,69.5762581418686,88.03930468610844,0,-27.57332747647226,,,,,,
494.34518990210233,7.115155987023539,70.0,149.0,69.27625814186861,87.59320845198035,0,-30.703134566215976,,,,,,
495.34518990210233,7.1296222698353136,70.0,150.0,68.97625814186861,87.09928707378614,0,-33.84658386392316,,,,,,
496.34518990210233,7.14415160830289,70.0,151.0,68.67625814186862,86.55691825823929,0,-37.00379481759825,,,,,,
497.34518990210233,7.158744554526945,70.0,152.0,68.37625814186862,85.96546968518491,0,-40.17488845093221,,,,,,
498.34518990210233,7.173401667891137,70.0,153.0,68.07625814186862,85.32429880596553,0,-43.359987391138844,,,,,,
499.34518990210233,7.188123515190769,70.0,154.0,67.77625814186862,84.63275263687204,0,-46.55921589740936,,,,,,
500.34518990210233,7.2029106707643065,70.0,155.0,67.47625814186863,83.8901675475381,0,-49.77269988999925,,,,,,
501.34518990210233,7.217763716627821,70.0,156.0,67.17625814186863,83.09586904413212,0,-53.00056697996781,,,,,,
502.34518990210233,7.232683242612449,70.0,157.0,66.87625814186863,82.2491715471955,0,-56.242946499584825,,,,,,
503.34518990210233,7.247669846504936,70.0,158.0,66.57625814186864,81.34937816397137,0,-59.499969533424945,,,,,,
504.34518990210233,7.262724134191354,70.0,159.0,66.27625814186864,80.39578045506194,0,-62.77176895016658,,,,,,
505.34518990210233,7.277846719804086,70.0,160.0,65.97625814186864,79.38765819524822,0,-66.05847943511611,,,,,,
506.34518990210233,7.293038225872148,70.0,161.0,65.67625814186864,78.32427912829924,0,-69.3602375234761,,,,,,
507.34518990210233,7.308299283474963,70.0,162.0,65.37625814186865,77.20489871559202,0,-72.67718163437844,,,,,,
508.34518990210233,7.323630532399667,70.0,163.0,65.07625814186865,76.02875987835893,0,-76.00945210570507,,,,,,
509.34518990210233,7.3390326213020485,70.0,164.0,64.77625814186865,74.79509273336974,0,-79.35719122971453,,,,,,
510.34518990210233,7.354506207871222,70.0,165.0,64.47625814186866,73.50311432185288,0,-82.72054328950206,,,,,,
511.34518990210233,7.37005195899815,70.0,166.0,64.17625814186866,72.15202833144947,0,-86.09965459631118,,,,,,
512.3451899021023,7.3856705509481,70.0,167.0,63.87625814186866,70.74102481099034,0,-89.494673527726,,,,,,
513.3451899021023,7.401362669537171,70.0,168.0,63.576258141868664,69.269279877876,0,-92.9057505667648,,,,,,
514.3451899021023,7.417129010312994,70.0,169.0,63.27625814186867,67.73595541783298,0,-96.33303834190339,,,,,,
515.3451899021023,7.432970278739718,70.0,170.0,62.97625814186867,66.14019877681241,0,-99.77669166805454,,,,,,
516.3451899021023,7.448887190387422,70.0,171.0,62.67625814186867,64.4946709847564,0,-102.3950371680944,,,,,,
517.3451899021023,7.464880471126069,70.0,172.0,62.376258141868675,62.841171480014545,0,-102.3950371680944,,,,,,
518.3451899021023,7.480950857324129,70.0,173.0,62.07625814186868,61.179622649118954,0,-102.3950371680944,,,,,,
519.3451899021023,7.497099096052022,70.0,174.0,61.77625814186868,59.50994573957692,0,-102.3950371680944,,,,,,
520.3451899021023,7.5133259452905055,70.0,175.0,61.47625814186868,57.83206083747374,0,-102.3950371680944,,,,,,
521.3451899021023,7.529632174144166,70.0,176.0,61.176258141868686,56.14588684452198,0,-102.3950371680944,,,,,,
522.3451899021023,7.5460185630601515,70.0,177.0,60.87625814186869,54.451341454541186,0,-102.3950371680944,,,,,,
523.3451899021023,7.56248590405231,70.0,178.0,60.57625814186869,52.7483411293506,0,-102.3950371680944,,,,,,
524.3451899021023,7.579035000930892,70.0,179.0,60.276258141868695,51.036801074057855,0,-102.3950371680944,,,,,,
525.3451899021023,7.595666669537984,70.0,180.0,59.9762581418687,49.31663521172432,0,-102.3950371680944,,,,,,
526.3451899021023,7.612381737988841,70.0,181.0,59.6762581418687,47.587756157389634,0,-102.3950371680944,,,,,,
527.3451899021023,7.629181046919308,70.0,182.0,59.3762581418687,45.85007519143428,0,-102.3950371680944,,,,,,
528.3451899021023,7.646065449739501,70.0,183.0,59.076258141868706,44.10350223226112,0,-102.3950371680944,,,,,,
529.3451899021023,7.663035812893945,70.0,184.0,58.77625814186871,42.34794580827387,0,-102.3950371680944,,,,,,
530.3451899021023,7.6800930161283745,70.0,185.0,58.47625814186871,40.58331302913191,0,-102.3950371680944,,,,,,
531.3451899021023,7.697237952763392,70.0,186.0,58.176258141868715,38.80950955625744,0,-102.3950371680944,,,,,,
532.3451899021023,7.714471529975197,70.0,187.0,57.87625814186872,37.02643957257277,0,-102.3950371680944,,,,,,
533.3451899021023,7.731794669083614,70.0,188.0,57.57625814186872,35.234005751442695,0,-102.3950371680944,,,,,,
534.3451899021023,7.749208305847645,70.0,189.0,57.27625814186872,33.43210922479714,0,-102.3950371680944,,,,,,
535.3451899021023,7.766713390768778,70.0,190.0,56.976258141868726,31.62064955040822,0,-102.3950371680944,,,,,,
536.3451899021023,7.784310889402306,70.0,191.0,56.67625814186873,29.7995246782936,0,-102.3950371680944,,,,,,
537.3451899021023,7.802001782676901,70.0,192.0,56.37625814186873,27.968630916219475,0,-102.3950371680944,,,,,,
538.3451899021023,7.819787067222723,70.0,193.0,56.076258141868735,26.127862894272916,0,-102.3950371680944,,,,,,
539.3451899021023,7.837667755708323,70.0,194.0,55.77625814186874,24.27711352847395,0,-102.3950371680944,,,,,,
540.3451899021023,7.85564487718663,70.0,195.0,55.47625814186874,22.444037678034956,0,-100.86730493988134,,,,,,
541.3451899021023,7.87371947745032,70.0,196.0,55.17625814186874,20.672757943233844,0,-96.9355120081854,,,,,,
542.3451899021023,7.8918926193968755,70.0,197.0,54.876258141868746,18.964351581422026,0,-92.98216565918014,,,,,,
543.3451899021023,7.910165383403647,70.0,198.0,54.57625814186875,17.319918152221266,0,-89.00702828604072,,,,,,
544.3451899021023,7.928538867713249,70.0,199.0,54.27625814186875,15.740580088129775,0,-85.00985833106625,,,,,,
545.3451899021023,7.9470141888296455,70.0,200.0,53.976258141868755,14.227483282764881,0,-80.99041019759868,,,,,,
546.3451899021023,7.965592481925263,70.0,201.0,53.67625814186876,12.781797697383789,0,-76.94843415947469,,,,,,
547.3451899021023,7.984274901259519,70.0,202.0,53.37625814186876,11.404717986353367,0,-72.88367626792412,,,,,,
548.3451899021023,8.00306262060914,70.0,203.0,53.07625814186876,10.097464142267112,0,-68.79587825583059,,,,,,
549.3451899021023,8.02195683371069,70.0,204.0,52.776258141868766,8.861282161436574,0,-64.68477743926394,,,,,,
550.3451899021023,8.04095875471568,70.0,205.0,52.47625814186877,7.697444730517026,0,-60.55010661618887,,,,,,
551.3451899021023,8.060069618658765,70.0,206.0,52.17625814186877,6.607251935059245,0,-56.39159396225335,,,,,,
552.3451899021023,8.07929068193941,70.0,207.0,51.876258141868774,5.592031990813514,0,-52.20896292355546,,,,,,
553.3451899021023,8.098623222817533,70.0,208.0,51.57625814186878,4.653141998647774,0,-48.00193210628261,,,,,,
554.3451899021023,8.118068541923607,70.0,209.0,51.27625814186878,3.7919687239806237,0,-43.77021516311172,,,,,,
555.3451899021023,8.137627962783728,70.0,210.0,50.97625814186878,3.0099294016680576,0,-39.51352067625851,,,,,,
556.3451899021023,8.157302832360173,70.0,211.0,50.676258141868786,2.308472567325783,0,-35.231552037053376,,,,,,
557.3451899021023,8.177094521608012,70.0,212.0,50.37625814186879,1.6890789161122568,0,-30.924007321921152,,,,,,
558.3451899021023,8.197004426048343,70.0,213.0,50.07625814186879,1.1532621900431759,0,-26.590579164635756,,,,,,
559.3451899021023,8.217033966358743,70.0,214.0,49.776258141868794,0.7025700949571727,0,-22.230954624712254,,,,,,
560.3451899021023,8.237184588981574,70.0,215.0,49.4762581418688,0.338585248302969,0,-17.844815051797255,,,,,,
561.3451899021023,8.257457766750782,70.0,216.0,49.1762581418688,0.06292615897165427,0,-13.431835945910507,,,,,,
562.3451899021023,8.27785499953788,70.0,217.0,48.8762581418688,359.8772482404539,0,-8.991686813384277,,,,,,
563.3451899021023,8.298377814917801,70.0,218.0,48.576258141868806,0.0,0,-4.52403101833913,,,,,,
564.3451899021023,8.319027768855403,70.0,219.0,48.27625814186881,0.0,0,0.0,,,,,,
565.3451899021023,8.33993829473893,70.0,220.0,47.36935168832209,0.0,0,0.0,,,,,,
566.3451899021023,8.36125303095398,70.0,221.0,46.46244523477537,0.0,0,0.0,,,,,,
567.3451899021023,8.382987912688101,70.0,222.0,45.555538781228655,0.0,0,0.0,,,,,,
568.3451899021023,8.405159836396432,70.0,223.0,44.64863232768194,0.0,0,0.0,,,,,,
569.3451899021023,8.427786738704414,70.0,224.0,43.74172587413522,0.0,0,0.0,,,,,,
570.3451899021023,8.450887683575703,70.0,225.0,42.8348194205885,0.0,0,0.0,,,,,,
571.3451899021023,8.474482958806494,70.0,226.0,41.927912967041784,0.0,0,0.0,,,,,,
572.3451899021023,8.498594183069871,70.0,227.0,41.02100651349507,0.0,0,0.0,,,,,,
573.3451899021023,8.523244424925283,70.0,228.0,40.11410005994835,0.0,0,0.0,,,,,,
574.3451899021023,8.548458335434768,70.0,229.0,39.20719360640163,0.0,0,0.0,,,,,,
575.3451899021023,8.574262296296457,70.0,230.0,38.300287152854914,0.0,0,0.0,,,,,,
576.3451899021023,8.600684585726349,70.0,231.0,37.393380699308196,0.0,0,0.0,,,,,,
577.3451899021023,8.627755564702783,70.0,232.0,36.48647424576148,0.0,0,0.0,,,,,,
578.3451899021023,8.655507886648618,70.0,233.0,35.57956779221476,0.0,0,0.0,,,,,,
579.3451899021023,8.683976734181895,70.0,234.0,34.67266133866804,0.0,0,0.0,,,,,,
580.3451899021023,8.713200087239338,70.0,235.0,33.765754885121325,0.0,0,0.0,,,,,,
581.3451899021023,8.743219027697311,70.0,236.0,32.85884843157461,0.0,0,0.0,,,,,,
582.3451899021023,8.774078086618827,70.0,237.0,31.951941978027886,0.0,0,0.0,,,,,,
583.3451899021023,8.805825641490333,70.0,238.0,31.045035524481165,0.0,0,0.0,,,,,,
584.3451899021023,8.838514372340157,70.0,239.0,30.138129070934443,0.0,0,0.0,,,,,,
585.3451899021023,8.872201787532083,70.0,240.0,29.231222617387722,0.0,0,-0.0,,,,,,
586.3451899021023,8.906950832408581,70.0,241.0,28.324316163841,0.0,0,-0.0,,,,,,
587.3451899021023,8.942830596959036,70.0,242.0,27.41740971029428,0.0,0,-0.0,,,,,,
588.3451899021023,8.979917142496637,70.0,243.0,26.51050325674756,0.0,0,-0.0,,,,,,
589.3451899021023,9.018294472196263,70.0,244.0,25.603596803200837,0.0,0,-0.0,,,,,,
590.3451899021023,9.05805567661886,70.0,245.0,24.696690349654116,0.0,0,-0.0,,,,,,
591.3451899021023,9.099304293498337,70.0,246.0,23.789783896107394,0.0,0,-0.0,,,,,,
592.3451899021023,9.142155931751564,70.0,247.0,22.882877442560673,0.0,0,-0.0,,,,,,
593.3451899021023,9.18674022381271,70.0,248.0,21.975970989013952,0.0,0,-0.0,,,,,,
594.3451899021023,9.233203189300623,70.0,249.0,21.06906453546723,0.0,0,-0.0,,,,,,
595.3451899021023,9.281710118589608,70.0,250.0,20.16215808192051,0.0,0,-0.0,,,,,,
596.3451899021023,9.332449119825341,70.0,251.0,19.255251628373788,0.0,0,0.0,,,,,,
597.3451899021023,9.385635521393974,70.0,252.0,18.348345174827067,0.0,0,0.0,,,,,,
598.3451899021023,9.441517389968697,70.0,253.0,17.441438721280345,0.0,0,0.0,,,,,,
599.3451899021023,9.500382521465504,70.0,254.0,16.534532267733624,0.0,0,0.0,,,,,,
600.3451899021023,9.562567403304147,70.0,255.0,15.627625814186905,0.0,0,0.0,,,,,,
601.3451899021023,9.628468854881774,70.0,256.0,14.720719360640185,0.0,0,0.0,,,,,,
602.3451899021023,9.698559367711436,70.0,257.0,13.813812907093466,0.0,0,0.0,,,,,,
603.3451899021023,9.773407652033677,70.0,258.0,12.906906453546746,0.0,0,0.0,,,,,,
604.3451899021023,9.853706664828788,70.0,259.0,12.000000000000027,0.0,0,0.0,,,,,,
605.3451899021023,9.937039998162122,70.0,260.0,12.0,0.0,0,0.0,,,,,,
